dataset_id,name,description,category,publisher,jurisdiction,geographic_coverage,source_url,api_url,download_url,portal_type,format,licence,attribution_requirement,signup_required,api_key_required,pricing_free_allowance,update_frequency,last_updated,bulk_download_available,automated_access_allowed,recommended_ric_integration_method,priority,expected_user_value,import_difficulty,trust_policy,enabled_state,notes,current_status,cost_type,connector_key,local_raw_path,paging_method,geographic_query_support,rate_limits,daily_cap,monthly_cap,monthly_budget_aud
au_national_public_toilet_map,National Public Toilet Map,National public toilet facilities including accessibility attributes; DumpPoint column identifies dump-point capable facilities.,public_toilets,"Department of Health, Disability and Ageing (via data.gov.au)",AU,Australia,https://data.gov.au/data/dataset/national-public-toilet-map,https://data.gov.au/data/api/3/action,https://data.gov.au/data/dataset/553b3049-2b8b-46a2-95e6-640d7986a8c1/resource/34076296-6692-4e30-b627-67b7c4eb1027/download/,ckan,csv,CC BY 3.0 AU,© Commonwealth of Australia — National Public Toilet Map (data.gov.au),False,False,free open data where licence permits,monthly,2026-08-02T01:02:14.556347,True,True,national_public_toilet_map,critical,critical,low,trusted_review,True,Stable CKAN resource_id 34076296-6692-4e30-b627-67b7c4eb1027. Validated Batehaven NSW toilets + Corrigans Beach dump point in live CSV.,download_ready,free,national_public_toilet_map,raw/au_national_public_toilet_map/Toiletmap.csv,single CSV resource; optional datastore SQL if enabled,False,,0,0,0.0
portal_osm_australia,OpenStreetMap Australia (Geofabrik extract),"Geofabrik Australia OSM PBF extract for offline enrichment of parks, campgrounds, toilets, dump points, fuel and EV features.",openstreetmap,OpenStreetMap contributors / Geofabrik,AU,Australia,https://download.geofabrik.de/australia-oceania/australia.html,,https://download.geofabrik.de/australia-oceania/australia-latest.osm.pbf,geofabrik,osm.pbf,ODbL 1.0,© OpenStreetMap contributors,False,False,free open data where licence permits,daily extract,,True,True,osm_australia_extract,critical,critical,high,community_review,True,~900MB+ PBF. Metadata and reproducible download script only by default; do not commit the PBF. Prefer local pack / fixture for demos.,download_ready,free,osm_australia_extract,raw/geofabrik_australia/,,False,,0,0,0.0
nsw_rest_areas,NSW Rest Areas,Transport for NSW rest areas including amenities attributes and coordinates.,rest_areas,Transport for NSW,NSW,New South Wales,https://data.gov.au/data/dataset/nsw-2-nsw-rest-areas,https://opendata.transport.nsw.gov.au/,https://opendata.transport.nsw.gov.au/data/dataset/37a56f96-feb7-49c4-9a7d-06957ccf7368/resource/6f2bcede-9d55-4315-b609-dffa30510894/download/rest-areas-csv-format.csv,ckan,csv,CC BY 3.0 AU,© Transport for NSW — NSW Rest Areas,False,False,free open data where licence permits,as published,,True,True,offline_pack,critical,high,low,trusted_review,False,Also listed on data.gov.au as nsw-2-nsw-rest-areas. CSV download verified 2026-08-04.,download_ready,free,gov_open_data_pack,raw/nsw_rest_areas/rest-areas-csv-format.csv,,False,,0,0,0.0
nsw_boat_ramps,Maritime NSW Boat Ramps,NSW boat ramp locations and amenity attributes.,boat_ramps,Transport for NSW,NSW,New South Wales,https://data.gov.au/data/dataset/nsw-2-maritime-nsw-boat-ramps,https://opendata.transport.nsw.gov.au/,https://opendata.transport.nsw.gov.au/data/dataset/912cd680-15ed-4be5-9d09-1a9d0f15e6ee/resource/e7537c27-d2d1-4666-b058-b586e8732236/download/boating_ramps.csv,ckan,csv,CC BY 3.0 AU,© Transport for NSW — Maritime NSW Boat Ramps,False,False,free open data where licence permits,as published,,True,True,offline_pack,medium,medium,low,trusted_review,False,,download_ready,free,gov_open_data_pack,raw/nsw_boat_ramps/boating_ramps.csv,,False,,0,0,0.0
nsw_ev_charging_locations,EV Charging Locations (NSW),Public EV charging locations published by Transport for NSW.,ev_charging,Transport for NSW,NSW,New South Wales,https://data.gov.au/data/dataset/nsw-2-ev-charging-locations,https://opendata.transport.nsw.gov.au/,https://opendata.transport.nsw.gov.au/data/dataset/be1c4de4-4517-4bd0-8a09-2965ddfc7179/resource/7bbb6461-e52d-4fe7-ace4-a15c30198de0/download/ev_20251216.csv,ckan,csv,CC BY 3.0 AU,© Transport for NSW — EV Charging Locations,False,False,free open data where licence permits,as published,,True,True,offline_pack,medium,medium,low,trusted_review,False,,download_ready,free,gov_open_data_pack,raw/nsw_ev_charging_locations/ev_charging_locations.csv,,False,,0,0,0.0
gold_coast_caravan_parks,City of Gold Coast Caravan Parks,Council-published caravan park locations (GeoJSON WFS).,caravan_parks,City of Gold Coast,QLD,City of Gold Coast,https://data.gov.au/data/dataset/caravan-parks,https://data.gov.au/geoserver/caravan-parks/wfs?request=GetFeature&typeName=ckan_191d8a90_f617_481c_84fa_8c2f4b92a172&outputFormat=json,https://data.gov.au/geoserver/caravan-parks/wfs?request=GetFeature&typeName=ckan_191d8a90_f617_481c_84fa_8c2f4b92a172&outputFormat=json,wfs,geojson,CC BY 3.0 AU,© City of Gold Coast — Caravan Parks,False,False,free open data where licence permits,as published,,True,True,offline_pack,high,high,low,trusted_review,False,Council-scale sample for caravan park coverage; not national.,download_ready,free,gov_open_data_pack,raw/gold_coast_caravan_parks/caravan_parks.geojson,,False,,0,0,0.0
sa_rest_areas_state_maintained,SA Rest Areas — State Maintained,South Australia Department for Infrastructure and Transport rest areas.,rest_areas,Department for Infrastructure and Transport (SA),SA,South Australia,https://data.gov.au/data/dataset/rest-areas-state-maintained,,https://www.dptiapps.com.au/dataportal/StateMaintainedRestAreas_shp.zip,open_data,shp.zip,CC BY 3.0 AU,© Government of South Australia — Rest Areas State Maintained,False,False,free open data where licence permits,as published,,True,True,offline_pack,high,high,medium,trusted_review,False,SHP ZIP download published on data.gov.au; verify current URL before enable.,api_ready,free,gov_open_data_pack,,,False,,0,0,0.0
wa_major_rest_areas,WA Major Rest Areas,Main Roads Western Australia major rest areas / road stopping places.,rest_areas,Main Roads Western Australia,WA,Western Australia,https://data.gov.au/data/dataset/mrwa-major-rest-area,https://portal-mainroads.opendata.arcgis.com/datasets/mainroads::major-rest-area,,arcgis_hub,arcgis,CC BY 3.0 AU,© Main Roads Western Australia — Major Rest Area,False,False,free open data where licence permits,as published,,False,True,arcgis_feature,high,high,medium,trusted_review,False,"Hub landing URL is HTML, not a bulk file. Need FeatureServer layer URL before automated download.",manual_review,free,gov_open_data_pack,,,False,,0,0,0.0
portal_data_gov_au,data.gov.au,Discovery portal for VanAssist-relevant open datasets (data.gov.au).,federal_portal,data.gov.au,AU,AU,https://data.gov.au/,https://data.gov.au/data/api/3/action,,ckan,portal,Portal-specific — verify per child dataset,Preserve attribution required by each data.gov.au dataset,False,False,free open data where licence permits,as published,,False,True,portal_discovery,high,high,medium,trusted_review,False,Portal only. Enable child datasets after licence citation.,verified,free,gov_open_data_pack,,,False,,0,0,0.0
portal_qld_open_data,Queensland Open Data,Discovery portal for VanAssist-relevant open datasets (Queensland Open Data).,state_portal,Queensland Open Data,QLD,QLD,https://www.data.qld.gov.au/,https://www.data.qld.gov.au/api/3/action,,ckan,portal,Portal-specific — verify per child dataset,Preserve attribution required by each Queensland Open Data dataset,False,False,free open data where licence permits,as published,,False,True,portal_discovery,high,high,medium,trusted_review,False,Portal only. Enable child datasets after licence citation.,verified,free,gov_open_data_pack,,,False,,0,0,0.0
portal_nsw_open_data,NSW Open Data,Discovery portal for VanAssist-relevant open datasets (NSW Open Data).,state_portal,NSW Open Data,NSW,NSW,https://data.nsw.gov.au/,https://data.nsw.gov.au/data/api/3/action,,ckan,portal,Portal-specific — verify per child dataset,Preserve attribution required by each NSW Open Data dataset,False,False,free open data where licence permits,as published,,False,True,portal_discovery,high,high,medium,trusted_review,False,Portal only. Enable child datasets after licence citation.,verified,free,gov_open_data_pack,,,False,,0,0,0.0
portal_transport_nsw,Transport for NSW Open Data,Discovery portal for VanAssist-relevant open datasets (Transport for NSW Open Data).,state_transport,Transport for NSW Open Data,NSW,NSW,https://opendata.transport.nsw.gov.au/,https://opendata.transport.nsw.gov.au/api/3/action,,ckan,portal,Portal-specific — verify per child dataset,Preserve attribution required by each Transport for NSW Open Data dataset,False,False,free open data where licence permits,as published,,False,True,portal_discovery,high,high,medium,trusted_review,False,Portal only. Enable child datasets after licence citation.,verified,free,gov_open_data_pack,,,False,,0,0,0.0
portal_datavic,DataVic,Discovery portal for VanAssist-relevant open datasets (DataVic).,state_portal,DataVic,VIC,VIC,https://www.data.vic.gov.au/,https://discover.data.vic.gov.au/api/3/action,,ckan,portal,Portal-specific — verify per child dataset,Preserve attribution required by each DataVic dataset,False,False,free open data where licence permits,as published,,False,True,portal_discovery,high,high,medium,trusted_review,False,Portal only. Enable child datasets after licence citation.,verified,free,gov_open_data_pack,,,False,,0,0,0.0
portal_wa_open_data,WA Open Data,Discovery portal for VanAssist-relevant open datasets (WA Open Data).,state_portal,WA Open Data,WA,WA,https://catalogue.data.wa.gov.au/,https://catalogue.data.wa.gov.au/api/3/action,,ckan,portal,Portal-specific — verify per child dataset,Preserve attribution required by each WA Open Data dataset,False,False,free open data where licence permits,as published,,False,True,portal_discovery,high,high,medium,trusted_review,False,Portal only. Enable child datasets after licence citation.,verified,free,gov_open_data_pack,,,False,,0,0,0.0
portal_sa_data_directory,SA Data Directory,Discovery portal for VanAssist-relevant open datasets (SA Data Directory).,state_portal,SA Data Directory,SA,SA,https://data.sa.gov.au/,https://data.sa.gov.au/data/api/3/action,,ckan,portal,Portal-specific — verify per child dataset,Preserve attribution required by each SA Data Directory dataset,False,False,free open data where licence permits,as published,,False,True,portal_discovery,high,high,medium,trusted_review,False,Portal only. Enable child datasets after licence citation.,verified,free,gov_open_data_pack,,,False,,0,0,0.0
portal_tas_open_data,Tasmania Open Data,Discovery portal for VanAssist-relevant open datasets (Tasmania Open Data).,state_portal,Tasmania Open Data,TAS,TAS,https://www.data.tas.gov.au/,,,open_data,portal,Portal-specific — verify per child dataset,Preserve attribution required by each Tasmania Open Data dataset,False,False,free open data where licence permits,as published,,False,True,portal_discovery,high,high,medium,trusted_review,False,Portal only. Enable child datasets after licence citation.,verified,free,gov_open_data_pack,,,False,,0,0,0.0
portal_act_open_data,ACT Open Data,Discovery portal for VanAssist-relevant open datasets (ACT Open Data).,state_portal,ACT Open Data,ACT,ACT,https://www.data.act.gov.au/,,,open_data,portal,Portal-specific — verify per child dataset,Preserve attribution required by each ACT Open Data dataset,False,False,free open data where licence permits,as published,,False,True,portal_discovery,high,high,medium,trusted_review,False,Portal only. Enable child datasets after licence citation.,verified,free,gov_open_data_pack,,,False,,0,0,0.0
portal_nt_open_data,NT Open Data,Discovery portal for VanAssist-relevant open datasets (NT Open Data).,state_portal,NT Open Data,NT,NT,https://data.nt.gov.au/,,,open_data,portal,Portal-specific — verify per child dataset,Preserve attribution required by each NT Open Data dataset,False,False,free open data where licence permits,as published,,False,True,portal_discovery,high,high,medium,trusted_review,False,Portal only. Enable child datasets after licence citation.,verified,free,gov_open_data_pack,,,False,,0,0,0.0
theme_council_open_data_portals,Council open-data portal discovery,Discovery portal for VanAssist-relevant open datasets (Council open-data portal discovery).,council_portals,Council open-data portal discovery,AU,AU,https://data.gov.au/,https://data.gov.au/data/api/3/action,,ckan,portal,Portal-specific — verify per child dataset,Preserve attribution required by each Council open-data portal discovery dataset,False,False,free open data where licence permits,as published,,False,True,portal_discovery,high,high,medium,trusted_review,False,Portal only. Enable child datasets after licence citation.,verified,free,gov_open_data_pack,,,False,,0,0,0.0
theme_dump_points,Dump points,Multi-source theme programme for dump points across government and open data.,dump_points,Multi-source theme (government / open / tourism),AU,Australia — assembled from verified open sources,https://data.gov.au/,https://data.gov.au/data/api/3/action,,theme,mixed,Per contributing dataset,Preserve source attribution per contributing dataset,False,False,free open data where licence permits,as published,,False,True,theme_aggregator,critical,critical,medium,trusted_review,False,Prefer specific verified child datasets before paid research APIs.,verified,free,theme_dump_points,,,False,,0,0,0.0
theme_drinking_water,Drinking water,Multi-source theme programme for drinking water across government and open data.,drinking_water,Multi-source theme (government / open / tourism),AU,Australia — assembled from verified open sources,https://data.gov.au/,https://data.gov.au/data/api/3/action,,theme,mixed,Per contributing dataset,Preserve source attribution per contributing dataset,False,False,free open data where licence permits,as published,,False,True,theme_aggregator,high,high,medium,trusted_review,False,Prefer specific verified child datasets before paid research APIs.,verified,free,theme_drinking_water,,,False,,0,0,0.0
theme_rest_areas,Rest areas,Multi-source theme programme for rest areas across government and open data.,rest_areas,Multi-source theme (government / open / tourism),AU,Australia — assembled from verified open sources,https://data.gov.au/,https://data.gov.au/data/api/3/action,,theme,mixed,Per contributing dataset,Preserve source attribution per contributing dataset,False,False,free open data where licence permits,as published,,False,True,theme_aggregator,high,high,medium,trusted_review,False,Prefer specific verified child datasets before paid research APIs.,verified,free,theme_rest_areas,,,False,,0,0,0.0
theme_visitor_information_centres,Visitor Information Centres,Multi-source theme programme for visitor information centres across government and open data.,visitor_information,Multi-source theme (government / open / tourism),AU,Australia — assembled from verified open sources,https://data.gov.au/,https://data.gov.au/data/api/3/action,,theme,mixed,Per contributing dataset,Preserve source attribution per contributing dataset,False,False,free open data where licence permits,as published,,False,True,theme_aggregator,high,high,medium,trusted_review,False,Prefer specific verified child datasets before paid research APIs.,verified,free,theme_visitor_information_centres,,,False,,0,0,0.0
theme_caravan_parks,Caravan parks,Multi-source theme programme for caravan parks across government and open data.,caravan_parks,Multi-source theme (government / open / tourism),AU,Australia — assembled from verified open sources,https://data.gov.au/,https://data.gov.au/data/api/3/action,,theme,mixed,Per contributing dataset,Preserve source attribution per contributing dataset,False,False,free open data where licence permits,as published,,False,True,theme_aggregator,critical,critical,medium,trusted_review,False,Prefer specific verified child datasets before paid research APIs.,verified,free,theme_caravan_parks,,,False,,0,0,0.0
theme_campgrounds,Campgrounds,Multi-source theme programme for campgrounds across government and open data.,campgrounds,Multi-source theme (government / open / tourism),AU,Australia — assembled from verified open sources,https://data.gov.au/,https://data.gov.au/data/api/3/action,,theme,mixed,Per contributing dataset,Preserve source attribution per contributing dataset,False,False,free open data where licence permits,as published,,False,True,theme_aggregator,critical,critical,medium,trusted_review,False,Prefer specific verified child datasets before paid research APIs.,verified,free,theme_campgrounds,,,False,,0,0,0.0
theme_public_showers,Public showers,Multi-source theme programme for public showers across government and open data.,public_showers,Multi-source theme (government / open / tourism),AU,Australia — assembled from verified open sources,https://data.gov.au/,https://data.gov.au/data/api/3/action,,theme,mixed,Per contributing dataset,Preserve source attribution per contributing dataset,False,False,free open data where licence permits,as published,,False,True,theme_aggregator,medium,medium,medium,trusted_review,False,Prefer specific verified child datasets before paid research APIs.,verified,free,gov_open_data_pack,,,False,,0,0,0.0
theme_laundries,Laundries,Multi-source theme programme for laundries across government and open data.,laundries,Multi-source theme (government / open / tourism),AU,Australia — assembled from verified open sources,https://data.gov.au/,https://data.gov.au/data/api/3/action,,theme,mixed,Per contributing dataset,Preserve source attribution per contributing dataset,False,False,free open data where licence permits,as published,,False,True,theme_aggregator,medium,medium,medium,community_review,False,Prefer specific verified child datasets before paid research APIs.,verified,free,gov_open_data_pack,,,False,,0,0,0.0
theme_fuel_stations,Fuel stations,Multi-source theme programme for fuel stations across government and open data.,fuel_stations,Multi-source theme (government / open / tourism),AU,Australia — assembled from verified open sources,https://data.gov.au/,https://data.gov.au/data/api/3/action,,theme,mixed,Per contributing dataset,Preserve source attribution per contributing dataset,False,False,free open data where licence permits,as published,,False,True,theme_aggregator,high,high,medium,trusted_review,False,Prefer specific verified child datasets before paid research APIs.,verified,free,gov_open_data_pack,,,False,,0,0,0.0
theme_lpg,LPG refill or exchange,Multi-source theme programme for lpg refill or exchange across government and open data.,lpg,Multi-source theme (government / open / tourism),AU,Australia — assembled from verified open sources,https://data.gov.au/,https://data.gov.au/data/api/3/action,,theme,mixed,Per contributing dataset,Preserve source attribution per contributing dataset,False,False,free open data where licence permits,as published,,False,True,theme_aggregator,medium,medium,medium,trusted_review,False,Prefer specific verified child datasets before paid research APIs.,verified,free,gov_open_data_pack,,,False,,0,0,0.0
theme_hospitals,Hospitals,Multi-source theme programme for hospitals across government and open data.,hospitals,Multi-source theme (government / open / tourism),AU,Australia — assembled from verified open sources,https://data.gov.au/,https://data.gov.au/data/api/3/action,,theme,mixed,Per contributing dataset,Preserve source attribution per contributing dataset,False,False,free open data where licence permits,as published,,False,True,theme_aggregator,high,high,medium,trusted_review,False,Prefer specific verified child datasets before paid research APIs.,verified,free,gov_open_data_pack,,,False,,0,0,0.0
theme_medical_centres,Medical centres,Multi-source theme programme for medical centres across government and open data.,medical_centres,Multi-source theme (government / open / tourism),AU,Australia — assembled from verified open sources,https://data.gov.au/,https://data.gov.au/data/api/3/action,,theme,mixed,Per contributing dataset,Preserve source attribution per contributing dataset,False,False,free open data where licence permits,as published,,False,True,theme_aggregator,medium,medium,medium,trusted_review,False,Prefer specific verified child datasets before paid research APIs.,verified,free,gov_open_data_pack,,,False,,0,0,0.0
theme_pharmacies,Pharmacies,Multi-source theme programme for pharmacies across government and open data.,pharmacies,Multi-source theme (government / open / tourism),AU,Australia — assembled from verified open sources,https://data.gov.au/,https://data.gov.au/data/api/3/action,,theme,mixed,Per contributing dataset,Preserve source attribution per contributing dataset,False,False,free open data where licence permits,as published,,False,True,theme_aggregator,medium,medium,medium,trusted_review,False,Prefer specific verified child datasets before paid research APIs.,verified,free,gov_open_data_pack,,,False,,0,0,0.0
theme_emergency_services,Emergency services,Multi-source theme programme for emergency services across government and open data.,emergency_services,Multi-source theme (government / open / tourism),AU,Australia — assembled from verified open sources,https://data.gov.au/,https://data.gov.au/data/api/3/action,,theme,mixed,Per contributing dataset,Preserve source attribution per contributing dataset,False,False,free open data where licence permits,as published,,False,True,theme_aggregator,high,high,medium,trusted_review,False,Prefer specific verified child datasets before paid research APIs.,verified,free,gov_open_data_pack,,,False,,0,0,0.0
theme_boat_ramps,Boat ramps,Multi-source theme programme for boat ramps across government and open data.,boat_ramps,Multi-source theme (government / open / tourism),AU,Australia — assembled from verified open sources,https://data.gov.au/,https://data.gov.au/data/api/3/action,,theme,mixed,Per contributing dataset,Preserve source attribution per contributing dataset,False,False,free open data where licence permits,as published,,False,True,theme_aggregator,medium,medium,medium,trusted_review,False,Prefer specific verified child datasets before paid research APIs.,verified,free,gov_open_data_pack,,,False,,0,0,0.0
theme_picnic_areas,Picnic areas,Multi-source theme programme for picnic areas across government and open data.,picnic_areas,Multi-source theme (government / open / tourism),AU,Australia — assembled from verified open sources,https://data.gov.au/,https://data.gov.au/data/api/3/action,,theme,mixed,Per contributing dataset,Preserve source attribution per contributing dataset,False,False,free open data where licence permits,as published,,False,True,theme_aggregator,low,low,medium,community_review,False,Prefer specific verified child datasets before paid research APIs.,verified,free,gov_open_data_pack,,,False,,0,0,0.0
theme_barbecues,Barbecues,Multi-source theme programme for barbecues across government and open data.,barbecues,Multi-source theme (government / open / tourism),AU,Australia — assembled from verified open sources,https://data.gov.au/,https://data.gov.au/data/api/3/action,,theme,mixed,Per contributing dataset,Preserve source attribution per contributing dataset,False,False,free open data where licence permits,as published,,False,True,theme_aggregator,low,low,medium,community_review,False,Prefer specific verified child datasets before paid research APIs.,verified,free,gov_open_data_pack,,,False,,0,0,0.0
theme_waste_disposal,Waste disposal,Multi-source theme programme for waste disposal across government and open data.,waste_disposal,Multi-source theme (government / open / tourism),AU,Australia — assembled from verified open sources,https://data.gov.au/,https://data.gov.au/data/api/3/action,,theme,mixed,Per contributing dataset,Preserve source attribution per contributing dataset,False,False,free open data where licence permits,as published,,False,True,theme_aggregator,medium,medium,medium,trusted_review,False,Prefer specific verified child datasets before paid research APIs.,verified,free,gov_open_data_pack,,,False,,0,0,0.0
theme_ev_charging,EV charging,Multi-source theme programme for ev charging across government and open data.,ev_charging,Multi-source theme (government / open / tourism),AU,Australia — assembled from verified open sources,https://data.gov.au/,https://data.gov.au/data/api/3/action,,theme,mixed,Per contributing dataset,Preserve source attribution per contributing dataset,False,False,free open data where licence permits,as published,,False,True,theme_aggregator,medium,medium,medium,trusted_review,False,Prefer specific verified child datasets before paid research APIs.,verified,free,gov_open_data_pack,,,False,,0,0,0.0
theme_weighbridges,Weighbridges,Multi-source theme programme for weighbridges across government and open data.,weighbridges,Multi-source theme (government / open / tourism),AU,Australia — assembled from verified open sources,https://data.gov.au/,https://data.gov.au/data/api/3/action,,theme,mixed,Per contributing dataset,Preserve source attribution per contributing dataset,False,False,free open data where licence permits,as published,,False,True,theme_aggregator,low,low,medium,trusted_review,False,Prefer specific verified child datasets before paid research APIs.,verified,free,gov_open_data_pack,,,False,,0,0,0.0
theme_roadside_stopping,Roadside stopping places,Multi-source theme programme for roadside stopping places across government and open data.,roadside_stopping,Multi-source theme (government / open / tourism),AU,Australia — assembled from verified open sources,https://data.gov.au/,https://data.gov.au/data/api/3/action,,theme,mixed,Per contributing dataset,Preserve source attribution per contributing dataset,False,False,free open data where licence permits,as published,,False,True,theme_aggregator,medium,medium,medium,trusted_review,False,Prefer specific verified child datasets before paid research APIs.,verified,free,gov_open_data_pack,,,False,,0,0,0.0
theme_national_parks,National parks and reserves,Multi-source theme programme for national parks and reserves across government and open data.,national_parks,Multi-source theme (government / open / tourism),AU,Australia — assembled from verified open sources,https://data.gov.au/,https://data.gov.au/data/api/3/action,,theme,mixed,Per contributing dataset,Preserve source attribution per contributing dataset,False,False,free open data where licence permits,as published,,False,True,theme_aggregator,high,high,medium,trusted_review,False,Prefer specific verified child datasets before paid research APIs.,verified,free,gov_open_data_pack,,,False,,0,0,0.0
theme_rv_repair,Caravan and RV repair providers,Multi-source theme programme for caravan and rv repair providers across government and open data.,rv_repair,Multi-source theme (government / open / tourism),AU,Australia — assembled from verified open sources,https://data.gov.au/,https://data.gov.au/data/api/3/action,,theme,mixed,Per contributing dataset,Preserve source attribution per contributing dataset,False,False,free open data where licence permits,as published,,False,True,theme_aggregator,high,high,medium,trusted_review,False,Prefer specific verified child datasets before paid research APIs.,verified,free,gov_open_data_pack,,,False,,0,0,0.0
theme_auto_electricians,Auto electricians,Multi-source theme programme for auto electricians across government and open data.,auto_electricians,Multi-source theme (government / open / tourism),AU,Australia — assembled from verified open sources,https://data.gov.au/,https://data.gov.au/data/api/3/action,,theme,mixed,Per contributing dataset,Preserve source attribution per contributing dataset,False,False,free open data where licence permits,as published,,False,True,theme_aggregator,medium,medium,medium,trusted_review,False,Prefer specific verified child datasets before paid research APIs.,verified,free,gov_open_data_pack,,,False,,0,0,0.0
theme_mobile_mechanics,Mobile mechanics,Multi-source theme programme for mobile mechanics across government and open data.,mobile_mechanics,Multi-source theme (government / open / tourism),AU,Australia — assembled from verified open sources,https://data.gov.au/,https://data.gov.au/data/api/3/action,,theme,mixed,Per contributing dataset,Preserve source attribution per contributing dataset,False,False,free open data where licence permits,as published,,False,True,theme_aggregator,medium,medium,medium,trusted_review,False,Prefer specific verified child datasets before paid research APIs.,verified,free,gov_open_data_pack,,,False,,0,0,0.0
theme_tyre_services,Tyre services,Multi-source theme programme for tyre services across government and open data.,tyre_services,Multi-source theme (government / open / tourism),AU,Australia — assembled from verified open sources,https://data.gov.au/,https://data.gov.au/data/api/3/action,,theme,mixed,Per contributing dataset,Preserve source attribution per contributing dataset,False,False,free open data where licence permits,as published,,False,True,theme_aggregator,medium,medium,medium,trusted_review,False,Prefer specific verified child datasets before paid research APIs.,verified,free,gov_open_data_pack,,,False,,0,0,0.0
theme_towing_recovery,Towing and recovery,Multi-source theme programme for towing and recovery across government and open data.,towing_recovery,Multi-source theme (government / open / tourism),AU,Australia — assembled from verified open sources,https://data.gov.au/,https://data.gov.au/data/api/3/action,,theme,mixed,Per contributing dataset,Preserve source attribution per contributing dataset,False,False,free open data where licence permits,as published,,False,True,theme_aggregator,medium,medium,medium,trusted_review,False,Prefer specific verified child datasets before paid research APIs.,verified,free,gov_open_data_pack,,,False,,0,0,0.0
theme_caravan_parts,Caravan parts and accessories,Multi-source theme programme for caravan parts and accessories across government and open data.,caravan_parts,Multi-source theme (government / open / tourism),AU,Australia — assembled from verified open sources,https://data.gov.au/,https://data.gov.au/data/api/3/action,,theme,mixed,Per contributing dataset,Preserve source attribution per contributing dataset,False,False,free open data where licence permits,as published,,False,True,theme_aggregator,medium,medium,medium,community_review,False,Prefer specific verified child datasets before paid research APIs.,verified,free,gov_open_data_pack,,,False,,0,0,0.0
au_toilet_map_dump_points,National Public Toilet Map — dump-point attributes,Dump-point coverage derived from National Public Toilet Map DumpPoint attribute (not a separate federal dump-point register).,dump_points,"Department of Health, Disability and Ageing (via data.gov.au)",AU,Australia,https://data.gov.au/data/dataset/national-public-toilet-map,https://data.gov.au/data/api/3/action,,ckan,csv,CC BY 3.0 AU,© Commonwealth of Australia — National Public Toilet Map (data.gov.au),False,False,free open data where licence permits,as published,,True,True,national_public_toilet_map,critical,critical,low,trusted_review,False,Filter DumpPoint=true from Toiletmap.csv. Batehaven: Corrigans Beach (FacilityID 9277).,download_ready,free,national_public_toilet_map,raw/au_national_public_toilet_map/Toiletmap.csv,,False,,0,0,0.0
paid_google_places,Google Places API,Connector-ready paid/research API stub for Google Places API.,paid_research,Google Places API,AU,Configurable; vendor coverage varies,https://developers.google.com/maps/documentation/places/web-service,https://developers.google.com/maps/documentation/places/web-service,,paid_api,json,Vendor terms — verify on vendor portal before enablement,Vendor attribution required when results are used,True,True,Confirm on vendor portal; seed caps are guardrails only,as published,,False,False,google_places_research,low,medium,high,web_research_review,False,Disabled by default. Owner signup + secure key storage required. Confirm current Places SKU pricing on Google Cloud before enablement.,api_ready,paid,google_places_research,,vendor-specific; see API docs,True,"seed daily_cap=100, monthly_cap=1000, budget_aud=25.0",100,1000,25.0
paid_brave_search,Brave Search API,Connector-ready paid/research API stub for Brave Search API.,paid_research,Brave Search API,AU,Configurable; vendor coverage varies,https://brave.com/search/api/,https://brave.com/search/api/,,paid_api,json,Vendor terms — verify on vendor portal before enablement,Vendor attribution required when results are used,True,True,Confirm on vendor portal; seed caps are guardrails only,as published,,False,False,gov_open_data_pack,low,medium,high,web_research_review,False,Disabled by default. Owner signup + secure key storage required. Confirm Brave Search API free/paid tiers on vendor site.,api_ready,paid,gov_open_data_pack,,vendor-specific; see API docs,True,"seed daily_cap=100, monthly_cap=1000, budget_aud=20.0",100,1000,20.0
paid_here_places,HERE Places / Search,Connector-ready paid/research API stub for HERE Places / Search.,paid_research,HERE Places / Search,AU,Configurable; vendor coverage varies,https://www.here.com/docs/bundle/places-api-developer-guide,https://www.here.com/docs/bundle/places-api-developer-guide,,paid_api,json,Vendor terms — verify on vendor portal before enablement,Vendor attribution required when results are used,True,True,Confirm on vendor portal; seed caps are guardrails only,as published,,False,False,gov_open_data_pack,low,medium,high,web_research_review,False,Disabled by default. Owner signup + secure key storage required. Confirm HERE developer plan pricing before enablement.,api_ready,paid,gov_open_data_pack,,vendor-specific; see API docs,True,"seed daily_cap=50, monthly_cap=500, budget_aud=20.0",50,500,20.0
paid_tomtom_search,TomTom Search API,Connector-ready paid/research API stub for TomTom Search API.,paid_research,TomTom Search API,AU,Configurable; vendor coverage varies,https://developer.tomtom.com/search-api,https://developer.tomtom.com/search-api,,paid_api,json,Vendor terms — verify on vendor portal before enablement,Vendor attribution required when results are used,True,True,Confirm on vendor portal; seed caps are guardrails only,as published,,False,False,gov_open_data_pack,low,medium,high,web_research_review,False,Disabled by default. Owner signup + secure key storage required. Confirm TomTom Search pricing before enablement.,api_ready,paid,gov_open_data_pack,,vendor-specific; see API docs,True,"seed daily_cap=50, monthly_cap=500, budget_aud=20.0",50,500,20.0
paid_mapbox_search,Mapbox Search,Connector-ready paid/research API stub for Mapbox Search.,paid_research,Mapbox Search,AU,Configurable; vendor coverage varies,https://docs.mapbox.com/api/search/,https://docs.mapbox.com/api/search/,,paid_api,json,Vendor terms — verify on vendor portal before enablement,Vendor attribution required when results are used,True,True,Confirm on vendor portal; seed caps are guardrails only,as published,,False,False,gov_open_data_pack,low,medium,high,web_research_review,False,Disabled by default. Owner signup + secure key storage required. Confirm Mapbox Search pricing before enablement.,api_ready,paid,gov_open_data_pack,,vendor-specific; see API docs,True,"seed daily_cap=50, monthly_cap=500, budget_aud=20.0",50,500,20.0
paid_openchargemap,OpenChargeMap API,Connector-ready paid/research API stub for OpenChargeMap API.,paid_research,OpenChargeMap API,AU,Configurable; vendor coverage varies,https://openchargemap.org/site/develop,https://openchargemap.org/site/develop,,paid_api,json,Vendor terms — verify on vendor portal before enablement,Vendor attribution required when results are used,True,True,Confirm on vendor portal; seed caps are guardrails only,as published,,False,False,gov_open_data_pack,low,medium,high,web_research_review,False,Disabled by default. Owner signup + secure key storage required. Confirm current free-tier/API key terms before enablement.,api_ready,paid,gov_open_data_pack,,vendor-specific; see API docs,True,"seed daily_cap=100, monthly_cap=1000, budget_aud=10.0",100,1000,10.0
