"file","sha256","scope"
"towsmart-calculation-desktop-1440x900.png","7925711c14db105f563e27b6ca6cce7246ba69e7fc9d3c91f1b97ea252b98446","Live application, service worker isolated; not final deployment acceptance"
"towsmart-calculation-mobile-390x844.png","2fa681936cf1ae447bc409ce4191f2da92c04f632d238ca668802b8dba692351","Live application, service worker isolated; not final deployment acceptance"
"towsmart-home-desktop-1440x900.png","a535ae95d352ca77d23ee9c8b411a02f1f1290a6d773ba66a1deccde2a57da24","Live application, service worker isolated; not final deployment acceptance"
"towsmart-home-mobile-390x844.png","b6147f603619efd3953fe5a30d59687832275c828eb4c4999fb769e4e3835aa6","Live application, service worker isolated; not final deployment acceptance"
"towsmart-over-limit-desktop-1440x900.png","7925711c14db105f563e27b6ca6cce7246ba69e7fc9d3c91f1b97ea252b98446","Live application, service worker isolated; not final deployment acceptance"
"towsmart-over-limit-mobile-390x844.png","2fa681936cf1ae447bc409ce4191f2da92c04f632d238ca668802b8dba692351","Live application, service worker isolated; not final deployment acceptance"
"towsmart-profile-desktop-1440x900.png","f32c0cc9a605d1166a872bb064dfdf32c671b6998714927b579decde2016ccb8","Live application, service worker isolated; not final deployment acceptance"
"towsmart-profile-mobile-390x844.png","55929d03779c461c567bcbafad3f2201e461b06d90ed01b69c2c0c3de97c0072","Live application, service worker isolated; not final deployment acceptance"
"towsmart-results-desktop-1440x900.png","40e337a86c30752792cd93b0213221af308556f49e0d0ca4ff1c9551b5b664ea","Live application, service worker isolated; not final deployment acceptance"
"towsmart-results-mobile-390x844.png","67811c14a0b9c7da4dde39d49fc7cfe2f07a9dc07230540aec50a114d5e4c4a6","Live application, service worker isolated; not final deployment acceptance"
"trailerwise-home-desktop-1440x900.png","b8876c5c5c1e930a5799e3c4bd1c1ece5de029150a379bc0b126824521b2d0ac","Live application, service worker isolated; not final deployment acceptance"
"trailerwise-home-mobile-390x844.png","215079244025f2e1918b6a479b51aa02cbb23d29ed87c1ce13a2e7e70c7b07f9","Live application, service worker isolated; not final deployment acceptance"
"trailerwise-profile-desktop-1440x900.png","cf25e7265629bd1fa216efb9218abae4f97dd5d07d6d488ed57dbad8d0ea2743","Live application, service worker isolated; not final deployment acceptance"
"trailerwise-profile-mobile-390x844.png","dd485dfc00249655dab6670ab5a84f74297642ff2be52cc1b5fcab71ad4a8b44","Live application, service worker isolated; not final deployment acceptance"
"trailerwise-results-desktop-1440x900.png","85285bf15f29e95b5b8df2bedfaefcb3c654adaa0ea82582aa2a9fd81f4a9866","Live application, service worker isolated; not final deployment acceptance"
"trailerwise-results-mobile-390x844.png","bfe08c996592b1820548cc2456e882c75142de166fb462345301da0cc82520ae","Live application, service worker isolated; not final deployment acceptance"
"vanassist-ask-desktop-1440x900.png","31b1e8e6c4de2dff9c0683904cb8bd503e4ed15ad247688c34c8afb845263449","Live application, service worker isolated; not final deployment acceptance"
"vanassist-ask-mobile-390x844.png","59d1c7e45588aeabaf5b9e6e6e286fc2a8208d3269b955bba9b0848776d40768","Live application, service worker isolated; not final deployment acceptance"
"vanassist-home-desktop-1440x900.png","bee74d7e49eb0f1643f33da3c8e0f5f4aaf4a78cfc1f5d9fd6c568eca5161bfc","Live application, service worker isolated; not final deployment acceptance"
"vanassist-home-mobile-390x844.png","cb36629e173868af565d320c6c487a357b2d0577748ab5576ec07a6d89435ca1","Live application, service worker isolated; not final deployment acceptance"
"vanassist-profile-desktop-1440x900.png","0a626be41414d3fd19813303c99962d3f3186c6e0e75cbe0d340437da8c79693","Live application, service worker isolated; not final deployment acceptance"
"vanassist-profile-mobile-390x844.png","52a14208956c6c9bbf871b6780229eef63b1eecc817841849e615f70b56f1ee5","Live application, service worker isolated; not final deployment acceptance"
"vanassist-results-desktop-1440x900.png","b17572189abc6c529becc6a503851249ff51d935c1fcd52c167b8918824f3362","Live application, service worker isolated; not final deployment acceptance"
"vanassist-results-mobile-390x844.png","7eb2e689be7b11bfee5b8e1dc8bd4fe4cae89687fd5e40ee38c8de937111e660","Live application, service worker isolated; not final deployment acceptance"
"vanassist-stays-desktop-1440x900.png","db1ec6b00b4ae0dce95fb21bd23aa681f8082a231439f13597c5d91070a1f5fe","Live application, service worker isolated; not final deployment acceptance"
"vanassist-stays-mobile-390x844.png","42b4a58e7296b5d4b1e7c7015ad788a495321d9b3657eb9f9bb28767353a3f38","Live application, service worker isolated; not final deployment acceptance"
